filename,width,height,xmin,ymin,xmax,ymax
1-01,720,720,213,240,525,378
10-01,720,720,285,214,444,355
100-01,720,720,235,272,434,388
101-01,720,720,228,303,394,432
101-02,720,720,397,317,554,411
102-01,720,720,230,246,492,550
103-01,720,720,264,251,479,366
104-01,720,720,235,164,480,335
104-02,720,720,441,433,506,492
105-01,720,720,293,296,444,409
105-02,720,720,297,453,340,490
106-01,720,720,144,168,511,475
106-02,720,720,492,141,605,305
107-01,720,720,230,286,456,459
108-01,720,720,270,198,442,326
108-02,720,720,232,261,305,328
108-03,720,720,513,187,572,219
108-04,720,720,266,573,384,695
108-05,720,720,672,481,720,544
109-01,720,720,337,244,451,337
109-02,720,720,282,362,454,528
109-03,720,720,60,428,228,522
11-01,720,720,223,245,466,489
110-01,720,720,224,290,638,411
110-02,720,720,82,184,180,211
111-01,720,720,337,265,425,319
111-02,720,720,237,318,402,470
111-03,720,720,11,489,92,596
112-01,720,720,176,171,513,301
113-01,720,720,90,142,595,459
114-01,720,720,271,260,403,373
115-01,720,720,230,275,454,394
116-01,720,720,295,265,530,411
116-02,720,720,90,478,181,573
117-01,720,720,280,270,404,517
117-02,720,720,271,49,379,87
118-01,720,720,155,151,504,595
119-01,720,720,188,212,395,389
119-02,720,720,144,597,302,720
12-01,720,720,278,373,535,639
120-01,720,720,242,346,492,440
121-01,720,720,159,230,331,352
121-02,720,720,270,368,498,547
121-03,720,720,523,498,580,558
122-01,720,720,260,288,476,430
123-01,720,720,459,267,641,436
124-01,720,720,169,32,269,80
124-02,720,720,213,236,504,492
124-03,720,720,456,329,575,450
124-04,720,720,513,218,554,247
124-05,720,720,519,33,607,146
124-06,720,720,60,184,150,243
124-07,720,720,237,0,273,25
125-01,720,720,293,302,461,410
125-02,720,720,180,73,272,107
125-03,720,720,184,111,279,150
126-01,720,720,226,284,461,416
126-02,720,720,479,147,560,211
126-03,720,720,0,209,48,235
127-01,720,720,357,306,537,398
127-02,720,720,221,329,326,411
127-03,720,720,321,417,504,552
128-01,720,720,269,203,437,399
129-01,720,720,248,285,351,374
129-02,720,720,329,378,427,431
13-01,720,720,160,288,396,433
13-02,720,720,269,150,499,219
13-03,720,720,490,27,594,65
13-04,720,720,619,11,693,39
130-01,720,720,295,270,426,340
130-02,720,720,401,236,449,271
131-01,720,720,271,383,374,471
132-01,720,720,97,222,584,434
132-02,720,720,0,195,45,236
133-01,720,720,305,287,436,348
134-01,720,720,290,274,422,399
134-02,720,720,125,41,215,121
135-01,720,720,149,293,520,489
135-02,720,720,514,431,619,509
135-03,720,720,513,53,720,142
135-04,720,720,270,200,354,249
136-01,720,720,290,261,400,390
137-01,720,720,299,279,461,421
138-01,720,720,324,312,438,368
139-01,720,720,278,260,429,397
14-01,720,720,144,246,636,524
14-02,720,720,35,196,142,258
140-01,720,720,304,342,505,489
140-02,720,720,165,74,420,188
141-01,720,720,400,444,504,523
141-02,720,720,283,359,427,464
141-03,720,720,207,293,325,380
141-04,720,720,0,168,141,279
142-01,720,720,181,299,538,397
143-01,720,720,275,318,441,426
144-01,720,720,259,354,429,464
144-02,720,720,31,201,103,246
145-01,720,720,288,320,435,411
146-01,720,720,153,253,439,421
147-01,720,720,312,299,410,418
147-02,720,720,413,220,479,278
148-01,720,720,254,246,385,383
148-02,720,720,663,121,720,161
149-01,720,720,195,233,506,351
15-01,720,720,249,322,462,433
150-01,720,720,216,279,559,400
151-01,720,720,269,269,483,409
152-01,720,720,261,262,343,306
152-02,720,720,309,313,496,369
152-03,720,720,385,496,508,555
152-04,720,720,470,607,584,692
152-05,720,720,201,629,290,683
153-01,720,720,297,297,425,387
154-01,720,720,94,242,539,642
155-01,720,720,420,248,583,378
155-02,720,720,407,474,533,608
155-03,720,720,247,330,309,393
156-01,720,720,204,255,452,425
156-02,720,720,448,145,573,193
157-01,720,720,243,260,437,379
157-02,720,720,202,207,266,241
158-01,720,720,297,292,462,409
158-02,720,720,158,337,293,422
159-01,720,720,304,304,437,407
159-02,720,720,423,577,481,620
159-03,720,720,225,202,346,288
16-01,720,720,258,279,452,460
160-01,720,720,491,1,683,165
160-02,720,720,371,289,523,428
160-03,720,720,233,395,443,541
160-04,720,720,581,131,693,232
161-01,720,720,281,289,420,383
162-01,720,720,221,246,480,386
163-01,720,720,257,282,517,487
163-02,720,720,662,216,720,267
164-01,720,720,220,286,489,424
165-01,720,720,225,311,486,446
166-01,720,720,250,274,468,426
166-02,720,720,64,305,119,358
167-01,720,720,279,263,470,407
167-02,720,720,166,403,321,500
167-03,720,720,202,56,276,84
168-01,720,720,242,262,475,358
168-02,720,720,79,95,146,139
169-01,720,720,154,259,465,418
17-01,720,720,124,313,416,507
17-02,720,720,522,239,675,358
170-01,720,720,330,243,429,291
170-02,720,720,230,495,377,589
171-01,720,720,244,191,485,347
172-01,720,720,208,69,384,143
172-02,720,720,13,184,105,273
172-03,720,720,0,1,77,61
172-04,720,720,38,1,171,39
172-05,720,720,223,342,576,558
173-01,720,720,226,251,488,359
173-02,720,720,211,363,509,456
174-01,720,720,259,371,533,504
175-01,720,720,178,230,405,438
175-02,720,720,392,277,535,469
175-03,720,720,416,18,498,95
176-01,720,720,257,283,454,401
176-02,720,720,63,267,173,337
177-01,720,720,255,248,444,366
178-01,720,720,261,315,453,417
178-02,720,720,12,412,163,491
178-03,720,720,0,343,77,408
179-01,720,720,295,249,457,468
179-02,720,720,205,221,300,383
179-03,720,720,94,239,215,375
179-04,720,720,274,27,381,140
179-05,720,720,573,59,673,126
18-01,720,720,269,215,405,301
18-02,720,720,309,332,487,421
18-03,720,720,134,487,218,546
18-04,720,720,55,108,147,152
18-05,720,720,0,80,52,111
180-01,720,720,218,279,507,421
181-01,720,720,291,333,466,455
182-01,720,720,285,287,443,442
182-02,720,720,0,216,99,311
182-03,720,720,417,647,551,720
183-01,720,720,175,224,489,466
184-01,720,720,23,24,52,34
184-02,720,720,0,46,36,68
184-03,720,720,55,30,109,54
184-04,720,720,84,0,117,10
184-05,720,720,58,13,85,24
184-06,720,720,35,0,70,10
184-07,720,720,11,0,34,4
184-08,720,720,0,3,16,13
184-09,720,720,300,255,394,322
184-010,720,720,530,145,558,164
184-011,720,720,362,572,403,606
185-01,720,720,261,269,483,476
186-01,720,720,122,316,412,453
186-02,720,720,441,263,684,385
187-01,720,720,233,282,472,420
188-01,720,720,266,227,410,329
188-02,720,720,299,349,430,438
188-03,720,720,432,258,588,350
189-01,720,720,261,278,468,412
19-01,720,720,270,227,417,339
19-02,720,720,162,395,297,486
190-01,720,720,161,253,472,443
190-02,720,720,472,419,630,506
191-01,720,720,271,335,467,494
191-02,720,720,272,237,393,297
191-03,720,720,163,402,235,446
192-01,720,720,276,294,415,397
193-01,720,720,272,347,361,400
193-02,720,720,566,380,638,418
194-01,720,720,261,290,469,419
195-01,720,720,117,147,276,219
195-02,720,720,182,266,437,481
196-01,720,720,274,301,490,416
196-02,720,720,470,200,535,238
196-03,720,720,301,229,462,305
197-01,720,720,338,346,485,443
197-02,720,720,459,320,539,375
197-03,720,720,205,400,364,524
198-01,720,720,194,224,349,277
198-02,720,720,140,273,367,356
198-03,720,720,301,356,351,396
198-04,720,720,370,378,600,483
199-01,720,720,245,312,427,552
199-02,720,720,420,308,529,402
2-01,720,720,307,234,458,325
2-02,720,720,264,299,363,382
2-03,720,720,190,423,257,503
20-01,720,720,231,248,345,313
20-02,720,720,157,183,219,227
20-03,720,720,275,304,440,425
200-01,720,720,202,358,288,403
200-02,720,720,273,319,406,392
200-03,720,720,398,293,501,360
200-04,720,720,665,165,720,229
201-01,720,720,218,224,588,516
202-01,720,720,292,374,372,451
202-02,720,720,285,296,408,376
202-03,720,720,302,236,413,292
202-04,720,720,294,47,380,158
202-05,720,720,152,509,204,564
202-06,720,720,39,481,95,589
202-07,720,720,297,670,370,718
203-01,720,720,185,296,425,403
203-02,720,720,619,302,684,366
203-03,720,720,397,231,598,325
204-01,720,720,190,175,358,315
204-02,720,720,281,381,447,519
205-01,720,720,274,166,715,384
205-02,720,720,0,412,326,607
206-01,720,720,216,291,487,464
206-02,720,720,76,658,237,720
207-01,720,720,183,269,554,503
207-02,720,720,324,569,489,719
208-01,720,720,287,158,446,294
208-02,720,720,415,368,533,511
208-03,720,720,271,437,419,584
209-01,720,720,297,206,507,399
21-01,720,720,244,262,504,534
21-02,720,720,0,595,157,719
210-01,720,720,194,123,518,455
210-02,720,720,22,633,143,720
211-01,720,720,234,262,532,438
212-01,720,720,283,256,484,442
213-01,720,720,244,238,472,440
214-01,720,720,256,298,402,415
215-01,720,720,213,202,371,373
216-01,720,720,300,284,483,375
216-02,720,720,257,136,402,223
216-03,720,720,456,440,553,494
217-01,720,720,354,380,449,483
217-02,720,720,283,531,368,606
218-01,720,720,264,264,422,435
218-02,720,720,624,68,720,116
219-01,720,720,192,253,494,391
22-01,720,720,257,348,422,602
220-01,720,720,193,249,463,423
220-02,720,720,435,628,602,704
221-01,720,720,257,315,387,401
221-02,720,720,260,132,303,169
222-01,720,720,254,223,445,498
223-01,720,720,327,315,436,428
224-01,720,720,257,300,463,471
225-01,720,720,86,125,124,145
225-02,720,720,278,246,380,322
225-03,720,720,390,18,453,48
225-04,720,720,347,0,377,19
226-01,720,720,190,325,437,491
227-01,720,720,205,205,472,333
227-02,720,720,26,539,720,720
228-01,720,720,265,266,495,464
229-01,720,720,279,268,399,338
229-02,720,720,320,316,490,426
229-03,720,720,0,550,123,673
23-01,720,720,175,183,607,332
23-02,720,720,118,169,172,195
23-03,720,720,0,12,67,52
23-04,720,720,173,551,343,711
23-05,720,720,284,138,443,189
230-01,720,720,251,320,475,441
230-02,720,720,422,131,508,164
230-03,720,720,201,120,272,144
231-01,720,720,245,219,483,390
231-02,720,720,336,67,422,97
232-01,720,720,317,160,410,236
232-02,720,720,221,495,391,664
232-03,720,720,92,15,135,42
232-04,720,720,412,0,478,41
233-01,720,720,270,250,470,402
233-02,720,720,380,206,444,248
234-01,720,720,298,323,410,403
235-01,720,720,228,197,503,464
236-01,720,720,247,231,410,350
236-02,720,720,24,136,139,211
236-03,720,720,278,423,499,619
237-01,720,720,251,191,509,397
237-02,720,720,213,219,333,301
237-03,720,720,156,376,221,419
237-04,720,720,0,562,102,662
237-05,720,720,688,411,720,500
238-01,720,720,203,311,480,435
239-01,720,720,232,272,455,404
24-01,720,720,284,313,418,421
24-02,720,720,348,73,449,133
240-01,720,720,281,243,456,457
240-02,720,720,332,28,367,56
240-03,720,720,384,44,420,59
240-04,720,720,387,23,426,42
241-01,720,720,207,108,304,166
241-02,720,720,357,201,522,311
241-03,720,720,494,211,644,292
241-04,720,720,334,279,403,315
241-05,720,720,221,320,391,481
241-06,720,720,393,345,527,423
241-07,720,720,420,541,519,683
242-01,720,720,214,317,487,474
243-01,720,720,242,339,462,409
244-01,720,720,240,307,465,492
244-02,720,720,578,342,720,455
245-01,720,720,246,295,409,411
245-02,720,720,360,222,463,311
246-01,720,720,188,273,437,414
246-02,720,720,298,141,458,257
247-01,720,720,261,275,449,397
248-01,720,720,125,247,475,421
248-02,720,720,581,50,720,106
248-03,720,720,212,44,333,83
249-01,720,720,222,292,475,479
25-01,720,720,215,257,597,481
250-01,720,720,129,274,619,481
251-01,720,720,213,291,577,523
252-01,720,720,119,165,311,251
252-02,720,720,510,379,631,452
252-03,720,720,396,446,580,567
253-01,720,720,241,303,600,397
254-01,720,720,221,270,470,414
255-01,720,720,282,312,419,368
256-01,720,720,223,387,382,577
256-02,720,720,333,54,429,152
257-01,720,720,261,310,415,505
257-02,720,720,425,108,486,143
258-01,720,720,260,306,465,411
259-01,720,720,249,243,464,413
259-02,720,720,192,107,255,165
26-01,720,720,288,296,434,411
26-02,720,720,662,320,720,369
260-01,720,720,197,272,449,378
261-01,720,720,213,251,483,409
262-01,720,720,276,263,377,349
263-01,720,720,228,241,444,362
264-01,720,720,211,186,497,372
265-01,720,720,38,354,112,417
265-02,720,720,321,311,563,433
265-03,720,720,81,198,241,303
266-01,720,720,228,263,465,421
266-02,720,720,531,487,590,534
267-01,720,720,264,281,378,356
267-02,720,720,330,351,452,515
267-03,720,720,67,352,261,494
267-04,720,720,607,0,720,35
268-01,720,720,258,195,494,414
269-01,720,720,278,323,386,435
269-02,720,720,602,497,661,553
27-01,720,720,305,325,398,408
270-01,720,720,273,282,420,375
270-02,720,720,0,66,135,120
271-01,720,720,168,239,531,403
272-01,720,720,264,265,470,382
272-02,720,720,578,308,720,385
273-01,720,720,294,326,446,390
273-02,720,720,161,578,720,720
274-01,720,720,353,240,475,298
274-02,720,720,189,323,419,406
274-03,720,720,141,223,301,292
275-01,720,720,235,279,548,446
276-01,720,720,266,307,485,483
277-01,720,720,263,294,405,374
278-01,720,720,407,140,498,251
278-02,720,720,210,387,301,507
279-01,720,720,302,291,441,417
28-01,720,720,288,260,451,393
28-02,720,720,504,165,571,229
28-03,720,720,595,111,666,156
28-04,720,720,641,385,715,462
280-01,720,720,243,280,449,438
281-01,720,720,158,235,575,392
282-01,720,720,256,224,412,360
282-02,720,720,160,396,249,483
283-01,720,720,215,269,427,422
283-02,720,720,441,224,496,274
283-03,720,720,103,112,211,159
284-01,720,720,256,258,456,425
284-02,720,720,160,278,245,452
285-01,720,720,242,268,456,473
286-01,400,300,143,159,234,205
286-02,400,300,194,210,249,232
286-03,400,300,192,77,212,92
287-01,401,300,15,90,353,282
288-01,533,300,217,27,283,67
288-02,533,300,331,33,386,58
288-03,533,300,201,179,231,195
288-04,533,300,435,223,529,268
288-05,533,300,309,237,418,287
289-01,300,442,91,275,198,391
29-01,720,720,302,270,456,385
29-02,720,720,426,374,497,430
290-01,533,300,1,154,533,300
291-01,536,300,66,188,389,300
292-01,300,444,5,138,164,239
292-02,300,444,22,17,65,33
292-03,300,444,20,1,59,8
293-01,400,300,161,135,264,185
293-02,400,300,298,82,345,98
293-03,400,300,102,109,161,129
293-04,400,300,52,215,124,245
294-01,534,300,351,252,430,292
294-02,534,300,263,238,299,256
294-03,534,300,196,191,212,202
294-04,534,300,174,194,190,202
295-01,533,300,67,110,465,268
296-01,544,300,15,19,510,300
297-01,533,300,271,122,309,141
297-02,533,300,288,108,321,126
297-03,533,300,245,96,287,110
297-04,533,300,183,142,333,189
297-05,533,300,89,201,407,298
298-01,449,300,104,83,221,127
298-02,449,300,265,125,332,155
299-01,453,300,201,37,317,121
299-02,453,300,41,123,245,291
299-03,453,300,15,1,178,74
3-01,720,720,273,264,497,468
30-01,720,720,266,252,456,483
30-02,720,720,0,179,44,240
30-03,720,720,233,112,281,157
300-01,300,300,22,144,252,186
300-02,300,300,2,112,147,129
300-03,300,300,94,81,157,96
300-04,300,300,1,192,300,287
301-01,534,300,245,177,393,248
301-02,534,300,422,124,534,170
301-03,534,300,491,283,534,300
301-04,534,300,441,198,482,218
301-05,534,300,479,188,533,202
302-01,400,300,32,90,259,262
303-01,456,300,246,115,441,159
303-02,456,300,159,97,237,155
304-01,503,300,264,57,503,198
304-02,503,300,1,78,249,256
305-01,574,300,236,138,288,173
305-02,574,300,378,189,484,250
306-01,533,300,85,112,322,271
306-02,533,300,418,158,533,276
307-01,571,300,197,8,428,273
308-01,400,300,190,151,283,201
309-01,533,300,1,58,529,207
31-01,720,720,229,280,439,411
310-01,451,300,144,138,252,163
310-02,451,300,341,100,414,118
310-03,451,300,149,159,417,274
311-01,450,300,104,94,440,300
312-01,533,300,8,118,497,246
313-01,400,300,49,130,88,143
313-02,400,300,1,146,400,300
314-01,450,300,111,60,275,263
315-01,450,300,155,175,329,258
315-02,450,300,14,194,57,220
315-03,450,300,377,124,443,139
315-04,450,300,233,130,257,140
315-05,450,300,367,209,411,226
316-01,458,300,38,97,267,252
317-01,450,300,143,96,305,186
318-01,489,300,127,195,412,285
319-01,300,369,71,136,236,212
32-01,720,720,110,147,253,234
32-02,720,720,254,278,505,501
320-01,688,300,34,103,644,230
320-02,688,300,276,23,362,58
321-01,300,300,1,112,254,252
322-01,453,300,16,73,440,230
323-01,426,300,163,149,286,185
323-02,426,300,42,197,424,292
323-03,426,300,1,176,71,211
323-04,426,300,313,139,373,150
323-05,426,300,282,116,363,125
324-01,450,300,210,148,397,280
325-01,533,300,92,128,135,149
325-02,533,300,155,74,252,115
325-03,533,300,325,59,375,74
325-04,533,300,306,78,353,103
325-05,533,300,335,114,375,136
325-06,533,300,422,192,531,273
326-01,442,300,95,51,300,201
327-01,600,300,21,118,138,158
327-02,600,300,129,54,466,233
328-01,418,300,207,216,256,234
328-02,418,300,152,202,184,212
328-03,418,300,55,251,190,287
328-04,418,300,145,231,185,247
329-01,667,300,313,243,338,253
329-02,667,300,291,219,324,228
329-03,667,300,461,234,493,250
329-04,667,300,509,263,550,278
329-05,667,300,352,272,374,286
329-06,667,300,379,245,430,253
33-01,720,720,255,258,433,358
33-02,720,720,524,339,638,429
330-01,300,400,25,182,246,386
330-02,300,400,79,29,216,92
331-01,366,300,188,214,283,275
331-02,366,300,202,135,278,162
331-03,366,300,244,110,310,125
331-04,366,300,259,89,304,101
331-05,366,300,234,81,273,91
331-06,366,300,219,74,254,82
331-07,366,300,249,62,273,70
331-08,366,300,139,117,184,131
331-09,366,300,147,105,179,117
331-010,366,300,184,91,211,100
331-011,366,300,126,94,159,104
331-012,366,300,112,107,135,116
331-013,366,300,6,212,51,242
332-01,480,300,119,201,358,247
332-02,480,300,146,159,235,172
332-03,480,300,278,135,399,146
332-04,480,300,135,90,272,111
332-05,480,300,159,59,215,69
333-01,451,300,1,179,26,195
333-02,451,300,1,161,55,173
333-03,451,300,74,167,112,179
333-04,451,300,102,194,225,235
334-01,536,300,104,39,260,99
334-02,536,300,403,21,470,46
334-03,536,300,446,46,504,63
334-04,536,300,190,141,476,300
335-01,400,300,270,86,377,141
335-02,400,300,220,33,286,63
335-03,400,300,292,32,333,47
335-04,400,300,1,83,133,140
335-05,400,300,340,34,396,66
336-01,300,403,144,98,212,129
336-02,300,403,90,130,143,146
336-03,300,403,64,166,300,333
337-01,482,300,153,92,346,178
338-01,400,300,62,74,370,257
339-01,553,300,249,101,273,115
34-01,720,720,99,244,611,570
340-01,450,300,7,74,217,137
340-02,450,300,206,106,450,151
341-01,453,300,35,204,240,300
341-02,453,300,261,127,312,160
341-03,453,300,383,135,453,173
342-01,450,300,1,143,375,300
343-01,540,300,1,139,540,300
344-01,449,300,244,65,333,83
344-02,449,300,300,1,374,12
344-03,449,300,141,124,231,161
344-04,449,300,118,161,255,202
344-05,449,300,166,207,307,266
345-01,514,300,98,198,418,237
345-02,514,300,1,278,98,300
346-01,345,300,74,103,295,300
346-02,345,300,155,50,211,79
346-03,345,300,245,53,279,73
346-04,345,300,261,78,280,92
347-01,400,300,114,80,283,178
348-01,362,300,5,21,299,300
349-01,452,300,336,114,381,137
349-02,452,300,61,123,227,226
349-03,452,300,268,175,300,187
349-04,452,300,312,236,342,251
349-05,452,300,297,255,315,265
349-06,452,300,207,79,221,87
35-01,720,720,273,275,423,354
350-01,452,300,80,121,146,135
350-02,452,300,172,100,249,112
350-03,452,300,69,139,314,300
350-04,452,300,202,111,382,144
350-05,452,300,215,94,294,114
351-01,533,300,1,101,468,300
352-01,400,300,81,133,355,299
352-02,400,300,236,102,280,131
353-01,400,300,199,163,235,185
353-02,400,300,174,140,229,162
353-03,400,300,168,118,222,140
354-01,400,300,108,198,170,219
354-02,400,300,190,164,281,193
354-03,400,300,260,249,333,279
354-04,400,300,82,284,165,300
354-05,400,300,320,203,359,214
355-01,300,400,135,186,182,221
356-01,533,300,85,216,226,287
357-01,453,300,100,126,350,213
358-01,400,300,4,137,90,187
358-02,400,300,97,124,343,220
359-01,450,300,17,88,146,121
359-02,450,300,41,73,72,85
359-03,450,300,27,125,413,245
36-01,720,720,258,335,417,506
360-01,300,442,121,273,219,347
360-02,300,442,178,400,260,435
360-03,300,442,189,261,262,295
360-04,300,442,209,234,300,251
360-05,300,442,136,202,224,220
360-06,300,442,134,191,216,198
360-07,300,442,131,171,172,180
361-01,533,300,246,58,493,238
362-01,480,300,169,239,285,268
362-02,480,300,52,217,202,245
363-01,300,400,65,122,229,299
364-01,451,300,104,196,328,300
365-01,571,300,426,119,487,135
365-02,571,300,411,135,571,185
365-03,571,300,1,136,348,243
365-04,571,300,430,223,571,300
366-01,462,300,9,123,387,247
367-01,449,300,150,81,258,210
368-01,533,300,106,198,147,225
368-02,533,300,158,160,256,211
368-03,533,300,218,248,313,294
368-04,533,300,310,170,333,182
368-05,533,300,270,74,311,82
369-01,533,300,1,50,471,300
37-01,720,720,180,323,396,425
37-02,720,720,305,273,525,331
37-03,720,720,537,285,626,333
370-01,695,300,164,209,345,289
371-01,600,300,356,52,447,138
372-01,479,300,141,157,310,251
373-01,450,300,104,133,348,263
374-01,383,300,92,196,269,276
374-02,383,300,226,98,349,116
374-03,383,300,1,89,42,97
375-01,450,300,105,225,200,260
375-02,450,300,162,187,216,199
376-01,530,300,158,164,235,185
376-02,530,300,319,186,386,211
377-01,534,300,235,53,284,62
377-02,534,300,135,133,392,259
378-01,400,300,209,158,366,263
379-01,425,300,128,166,289,220
38-01,720,720,239,220,465,447
38-02,720,720,397,168,462,211
380-01,450,300,54,39,393,242
381-01,300,400,57,126,254,309
382-01,451,300,4,216,172,245
382-02,451,300,83,192,199,213
382-03,451,300,233,168,297,176
383-01,425,300,49,157,99,172
383-02,425,300,99,182,138,200
383-03,425,300,151,153,194,166
383-04,425,300,245,168,299,186
383-05,425,300,142,213,287,253
383-06,425,300,1,127,51,138
383-07,425,300,116,122,145,130
384-01,402,300,146,101,360,259
384-02,402,300,34,54,151,118
385-01,457,300,33,73,441,278
386-01,494,300,118,66,485,276
387-01,401,300,129,137,324,209
387-02,401,300,339,183,401,208
388-01,400,300,148,137,225,213
388-02,400,300,178,92,201,104
389-01,480,300,174,96,265,123
389-02,480,300,325,100,438,115
389-03,480,300,254,70,319,78
389-04,480,300,200,133,241,150
389-05,480,300,2,160,243,300
39-01,720,720,204,211,470,503
390-01,300,400,60,30,247,328
391-01,400,300,296,214,338,244
391-02,400,300,134,84,290,183
391-03,400,300,76,65,153,101
391-04,400,300,17,50,55,73
391-05,400,300,1,28,22,43
392-01,449,300,215,191,301,210
392-02,449,300,205,286,395,300
393-01,450,300,157,99,296,142
393-02,450,300,153,198,281,257
394-01,450,300,1,150,139,235
394-02,450,300,131,2,433,138
395-01,451,300,218,146,248,157
395-02,451,300,29,210,114,253
395-03,451,300,162,221,267,263
396-01,533,300,1,39,533,246
397-01,533,300,337,248,398,273
397-02,533,300,178,147,281,169
397-03,533,300,147,118,225,147
398-01,684,300,31,40,607,300
399-01,447,300,342,137,369,153
399-02,447,300,222,96,334,118
399-03,447,300,3,146,109,233
399-04,447,300,1,237,46,300
399-05,447,300,168,214,334,294
399-06,447,300,322,197,357,219
399-07,447,300,206,150,264,174
399-08,447,300,160,182,187,194
399-09,447,300,138,119,165,132
399-010,447,300,290,125,340,145
399-011,447,300,312,153,333,163
399-012,447,300,362,176,387,193
399-013,447,300,344,225,371,243
399-014,447,300,134,90,210,103
4-01,720,720,177,273,576,539
40-01,720,720,270,224,478,477
400-01,533,300,164,90,452,294
401-01,533,300,155,189,466,239
402-01,449,300,201,14,317,147
403-01,527,300,139,160,491,269
404-01,467,300,165,90,389,266
404-02,467,300,90,150,136,174
404-03,467,300,57,89,103,118
405-01,400,300,78,201,191,299
405-02,400,300,1,104,131,170
405-03,400,300,132,124,173,151
405-04,400,300,195,156,313,227
405-05,400,300,203,111,311,150
405-06,400,300,244,84,302,105
405-07,400,300,159,80,210,96
405-08,400,300,368,163,400,195
406-01,454,300,74,42,454,282
407-01,400,300,66,184,128,196
407-02,400,300,38,218,104,242
407-03,400,300,151,233,269,287
407-04,400,300,298,180,343,192
407-05,400,300,308,208,379,231
407-06,400,300,365,244,400,284
407-07,400,300,162,142,235,156
407-08,400,300,110,126,135,137
407-09,400,300,159,105,192,113
408-01,450,300,214,177,289,197
408-02,450,300,271,157,298,166
408-03,450,300,116,219,258,298
409-01,455,300,12,186,107,239
409-02,455,300,170,64,413,145
409-03,455,300,274,189,342,258
41-01,720,720,167,233,562,399
41-02,720,720,506,118,720,200
410-01,400,300,164,91,333,234
411-01,442,300,201,216,299,271
411-02,442,300,209,137,289,165
411-03,442,300,252,112,316,131
411-04,442,300,266,94,311,106
411-05,442,300,212,104,268,121
411-06,442,300,154,122,198,135
411-07,442,300,157,111,193,122
411-08,442,300,196,97,219,104
411-09,442,300,244,87,277,95
411-010,442,300,228,80,263,88
411-011,442,300,26,214,70,241
411-012,442,300,257,69,281,76
411-013,442,300,139,100,174,110
412-01,450,300,143,160,331,273
412-02,450,300,1,130,51,154
413-01,533,300,78,156,163,174
413-02,533,300,236,123,322,137
413-03,533,300,277,147,401,177
414-01,439,300,21,108,327,258
415-01,400,300,150,138,261,184
415-02,400,300,84,79,158,97
415-03,400,300,273,164,273,165
416-01,461,300,42,64,146,96
416-02,461,300,144,110,371,211
417-01,480,300,85,95,421,251
418-01,450,300,33,145,88,159
418-02,450,300,1,164,43,187
418-03,450,300,1,227,90,257
418-04,450,300,150,158,238,193
418-05,450,300,276,117,338,139
418-06,450,300,257,95,291,103
418-07,450,300,1,85,39,101
419-01,451,300,1,161,154,300
419-02,451,300,208,14,344,201
42-01,720,720,368,386,509,480
42-02,720,720,41,265,386,381
420-01,450,300,68,106,352,215
421-01,533,300,118,201,244,237
421-02,533,300,268,202,342,245
421-03,533,300,382,216,440,253
421-04,533,300,318,83,335,94
422-01,450,300,46,158,446,288
423-01,443,300,118,152,291,232
424-01,533,300,49,93,468,245
425-01,400,300,89,201,223,250
425-02,400,300,230,165,386,195
426-01,600,300,1,52,438,272
427-01,300,300,43,75,241,181
428-01,300,356,87,291,197,341
428-02,300,356,61,212,118,234
428-03,300,356,157,191,210,212
428-04,300,356,159,159,191,171
428-05,300,356,123,158,156,167
428-06,300,356,143,133,181,141
429-01,533,300,52,68,486,189
429-02,533,300,41,220,211,288
43-01,720,720,257,115,545,263
43-02,720,720,156,465,328,720
43-03,720,720,0,127,58,207
430-01,451,300,225,230,371,277
430-02,451,300,128,51,170,63
431-01,533,300,92,176,177,206
431-02,533,300,119,197,435,255
431-03,533,300,273,256,533,300
431-04,533,300,110,281,204,299
432-01,482,300,99,54,362,209
433-01,400,300,138,85,276,199
433-02,400,300,58,7,171,91
434-01,450,300,177,154,409,278
435-01,601,300,335,227,516,282
436-01,534,300,484,184,527,198
436-02,534,300,376,168,462,197
436-03,534,300,300,156,346,182
436-04,534,300,239,147,302,182
436-05,534,300,252,128,276,141
436-06,534,300,163,135,213,148
436-07,534,300,109,188,309,234
437-01,533,300,1,108,533,257
438-01,400,300,257,54,378,126
439-01,684,300,89,73,555,237
439-02,684,300,331,56,408,88
439-03,684,300,386,18,517,44
44-01,720,720,283,248,439,342
44-02,720,720,473,200,571,248
440-01,533,300,93,41,516,300
441-01,533,300,166,114,341,169
441-02,533,300,418,160,484,184
441-03,533,300,134,104,166,115
442-01,450,300,163,129,272,197
443-01,533,300,36,187,143,217
443-02,533,300,120,171,154,178
443-03,533,300,164,165,233,175
443-04,533,300,378,181,533,220
443-05,533,300,44,227,210,294
444-01,458,300,158,151,232,193
444-02,458,300,195,117,237,136
444-03,458,300,327,135,401,163
444-04,458,300,411,155,454,167
444-05,458,300,308,158,362,186
444-06,458,300,244,219,380,300
444-07,458,300,131,86,152,95
444-08,458,300,113,79,127,84
445-01,401,300,73,108,352,229
445-02,401,300,131,26,193,40
446-01,396,300,188,106,223,116
446-02,396,300,182,95,206,105
446-03,396,300,161,89,182,95
446-04,396,300,171,134,205,142
446-05,396,300,178,144,244,163
446-06,396,300,188,174,315,218
446-07,396,300,168,242,214,266
446-08,396,300,240,261,305,300
447-01,534,300,42,116,300,266
448-01,435,300,14,154,341,285
448-02,435,300,283,220,435,300
448-03,435,300,383,138,416,156
449-01,557,300,166,28,339,123
449-02,557,300,457,44,557,101
449-03,557,300,429,86,477,112
449-04,557,300,81,135,527,300
45-01,720,720,245,299,422,397
450-01,400,300,91,82,314,168
451-01,470,300,329,210,372,238
451-02,470,300,215,166,322,237
451-03,470,300,159,180,214,209
452-01,604,300,53,95,452,299
453-01,450,300,110,178,300,297
454-01,381,300,166,125,199,133
454-02,381,300,144,183,283,216
454-03,381,300,18,224,189,300
454-04,381,300,195,128,258,143
455-01,455,300,266,109,323,138
456-01,533,300,107,144,403,205
457-01,400,300,165,124,193,135
457-02,400,300,66,105,90,113
457-03,400,300,213,162,367,207
458-01,481,300,70,93,340,141
459-01,533,300,16,128,170,154
459-02,533,300,255,167,511,236
46-01,720,720,215,349,434,472
460-01,451,300,154,90,385,130
460-02,451,300,1,194,216,264
461-01,463,300,185,227,276,283
462-01,425,300,187,203,315,272
463-01,370,300,92,177,366,284
464-01,690,300,217,109,509,295
465-01,510,300,168,92,482,201
465-02,510,300,159,202,313,247
465-03,510,300,29,260,148,299
466-01,382,300,196,207,317,260
467-01,716,300,120,160,596,225
468-01,401,300,162,120,300,152
469-01,450,300,195,193,332,300
469-02,450,300,268,150,358,184
469-03,450,300,377,144,414,166
47-01,720,720,231,241,467,385
470-01,459,300,52,77,180,141
471-01,400,300,125,200,214,232
471-02,400,300,237,237,289,273
471-03,400,300,208,183,254,202
471-04,400,300,200,164,237,179
471-05,400,300,154,176,192,191
471-06,400,300,151,148,185,158
471-07,400,300,215,139,280,151
471-08,400,300,271,150,310,162
471-09,400,300,194,127,229,135
471-010,400,300,1,185,63,211
471-011,400,300,33,169,73,182
471-012,400,300,50,155,95,170
471-013,400,300,85,138,112,145
471-014,400,300,111,128,139,135
471-015,400,300,86,115,129,124
471-016,400,300,139,102,180,110
471-017,400,300,130,110,156,116
471-018,400,300,194,114,217,120
472-01,506,300,46,143,379,271
473-01,400,300,65,90,353,191
474-01,401,300,102,189,223,243
474-02,401,300,222,168,293,201
474-03,401,300,266,139,332,170
475-01,460,300,17,34,415,253
476-01,450,300,64,155,131,185
476-02,450,300,287,135,321,150
476-03,450,300,297,176,338,205
476-04,450,300,259,232,325,274
477-01,400,300,137,129,277,198
477-02,400,300,158,32,247,57
477-03,400,300,259,217,384,299
478-01,427,300,111,156,328,279
478-02,427,300,333,151,398,169
479-01,720,280,192,79,504,203
48-01,720,720,173,301,429,396
48-02,720,720,389,396,489,468
480-01,450,300,149,131,306,231
480-02,450,300,234,237,316,300
480-03,450,300,156,113,214,129
481-01,533,300,22,187,384,262
482-01,571,300,232,76,293,89
482-02,571,300,107,112,280,127
482-03,571,300,146,142,397,188
482-04,571,300,99,193,507,286
483-01,400,300,74,39,307,272
484-01,450,300,78,100,150,110
484-02,450,300,202,91,233,102
484-03,450,300,178,116,321,168
484-04,450,300,298,113,378,141
484-05,450,300,13,180,370,298
485-01,534,300,145,173,532,300
486-01,400,300,162,151,280,187
486-02,400,300,14,146,118,179
486-03,400,300,54,186,123,218
486-04,400,300,27,229,106,260
486-05,400,300,183,196,307,262
486-06,400,300,110,114,163,125
487-01,533,300,248,147,422,188
487-02,533,300,82,164,465,300
488-01,400,300,191,163,219,186
488-02,400,300,184,196,391,250
489-01,300,300,1,81,179,226
489-02,300,300,1,246,66,282
49-01,720,720,239,302,491,524
49-02,720,720,110,135,257,208
490-01,533,300,243,123,366,159
490-02,533,300,36,119,193,139
490-03,533,300,1,149,100,177
490-04,533,300,1,175,468,300
491-01,480,300,145,236,348,298
491-02,480,300,313,181,463,252
492-01,300,400,103,85,209,123
492-02,300,400,73,60,114,77
492-03,300,400,108,45,176,61
492-04,300,400,180,53,219,75
492-05,300,400,4,214,279,400
493-01,300,400,91,177,117,193
493-02,300,400,92,163,110,174
493-03,300,400,87,243,107,256
493-04,300,400,72,281,100,298
493-05,300,400,100,293,164,348
493-06,300,400,253,255,269,275
493-07,300,400,186,267,203,288
493-08,300,400,152,164,167,173
493-09,300,400,209,147,253,162
493-010,300,400,268,170,281,180
493-011,300,400,253,181,266,190
493-012,300,400,277,212,300,222
493-013,300,400,275,202,293,209
493-014,300,400,194,226,213,237
493-015,300,400,214,244,226,254
493-016,300,400,167,353,202,400
494-01,400,300,50,40,95,64
494-02,400,300,1,74,30,101
494-03,400,300,93,78,290,232
494-04,400,300,331,138,372,158
495-01,544,300,136,59,544,300
496-01,465,300,1,106,465,300
497-01,450,300,105,61,350,270
498-01,453,300,16,211,127,248
498-02,453,300,205,171,248,192
498-03,453,300,239,151,277,165
498-04,453,300,285,116,331,131
498-05,453,300,323,98,359,107
499-01,400,300,75,92,312,205
5-01,720,720,233,315,528,412
5-02,720,720,125,453,212,507
50-01,720,720,276,272,394,344
500-01,300,451,172,187,300,236
500-02,300,451,85,166,161,227
501-01,450,300,30,230,153,271
501-02,450,300,30,214,86,233
501-03,450,300,251,227,426,263
502-01,450,300,86,53,148,73
502-02,450,300,42,63,89,87
502-03,450,300,1,101,59,122
502-04,450,300,14,117,162,153
502-05,450,300,270,150,450,195
502-06,450,300,19,172,302,300
503-01,600,300,75,80,523,229
504-01,460,300,234,55,283,81
504-02,460,300,243,107,338,163
504-03,460,300,71,155,345,260
505-01,571,300,166,209,337,280
506-01,520,300,67,150,323,272
507-01,373,300,174,200,275,223
507-02,373,300,41,152,242,190
507-03,373,300,70,139,127,148
507-04,373,300,63,107,177,135
507-05,373,300,120,59,249,78
507-06,373,300,111,29,246,47
507-07,373,300,122,18,234,30
508-01,533,300,237,35,363,77
508-02,533,300,74,5,170,28
508-03,533,300,62,34,189,77
508-04,533,300,184,85,277,126
508-05,533,300,295,123,402,163
508-06,533,300,352,203,514,288
508-07,533,300,85,152,289,242
508-08,533,300,366,30,445,55
508-09,533,300,439,53,533,87
508-010,533,300,320,1,408,19
509-01,533,300,229,185,333,300
509-02,533,300,333,159,451,235
509-03,533,300,482,226,520,254
509-04,533,300,303,90,371,119
509-05,533,300,234,83,286,104
509-06,533,300,189,103,335,163
509-07,533,300,320,132,356,149
509-08,533,300,289,143,316,156
509-09,533,300,37,115,203,254
51-01,720,720,273,284,439,387
51-02,720,720,389,387,490,493
510-01,583,300,171,150,233,178
510-02,583,300,192,124,237,144
510-03,583,300,259,140,299,156
510-04,583,300,320,147,361,163
510-05,583,300,324,106,364,125
510-06,583,300,400,107,437,129
510-07,583,300,236,181,327,224
510-08,583,300,271,233,333,275
510-09,583,300,479,24,574,53
510-010,583,300,265,51,329,68
510-011,583,300,184,80,224,93
510-012,583,300,139,57,177,73
510-013,583,300,109,73,142,89
510-014,583,300,50,82,107,101
510-015,583,300,109,104,165,128
510-016,583,300,186,94,218,107
510-017,583,300,421,68,455,81
511-01,451,300,132,54,380,194
512-01,400,300,93,90,182,130
512-02,400,300,303,94,337,105
512-03,400,300,278,80,318,93
512-04,400,300,146,153,327,242
512-05,400,300,222,245,352,300
513-01,400,300,43,94,309,182
514-01,300,397,151,156,190,180
514-02,300,397,122,135,154,152
514-03,300,397,109,113,150,136
514-04,300,397,69,141,114,168
514-05,300,397,208,133,226,143
514-06,300,397,94,223,223,363
515-01,449,300,101,67,314,216
516-01,453,300,244,169,350,296
516-02,453,300,191,264,246,299
516-03,453,300,18,8,149,59
516-04,453,300,403,23,453,49
517-01,533,300,299,137,401,173
517-02,533,300,135,191,487,272
518-01,533,300,118,111,433,230
519-01,300,450,72,144,117,154
519-02,300,450,141,78,177,87
519-03,300,450,182,83,234,95
519-04,300,450,182,128,248,148
519-05,300,450,201,157,265,182
519-06,300,450,68,79,116,86
519-07,300,450,134,58,147,66
519-08,300,450,94,226,283,392
52-01,720,720,289,297,499,423
52-02,720,720,262,420,360,478
520-01,720,251,183,180,453,250
521-01,450,300,41,130,283,224
522-01,450,300,39,179,198,230
522-02,450,300,231,217,259,228
522-03,450,300,269,245,402,278
523-01,400,300,89,138,328,215
523-02,400,300,28,115,93,136
524-01,533,300,277,218,439,272
524-02,533,300,297,166,385,182
524-03,533,300,354,153,453,180
524-04,533,300,223,132,289,155
524-05,533,300,1,209,195,253
525-01,400,300,71,161,248,214
525-02,400,300,29,261,93,296
525-03,400,300,93,267,165,299
525-04,400,300,236,89,334,113
526-01,407,300,105,152,224,184
526-02,407,300,94,122,152,152
526-03,407,300,37,146,77,158
526-04,407,300,33,170,139,220
526-05,407,300,75,219,272,254
526-06,407,300,247,179,407,252
526-07,407,300,325,268,365,300
526-08,407,300,356,144,401,154
526-09,407,300,300,154,372,188
526-010,407,300,257,139,346,154
527-01,450,300,158,180,318,233
528-01,450,300,107,27,406,279
529-01,450,300,145,73,244,125
529-02,450,300,277,97,347,137
529-03,450,300,205,201,270,242
529-04,450,300,292,188,450,300
53-01,720,720,213,248,458,464
53-02,720,720,580,446,670,573
530-01,509,300,1,15,59,54
530-02,509,300,56,1,138,16
530-03,509,300,139,1,297,41
530-04,509,300,334,1,497,42
530-05,509,300,236,50,355,102
530-06,509,300,91,93,217,143
530-07,509,300,227,125,460,238
530-08,509,300,1,184,157,285
531-01,400,300,118,195,161,211
531-02,400,300,174,187,232,210
531-03,400,300,156,208,208,229
531-04,400,300,141,230,208,263
531-05,400,300,168,174,214,187
531-06,400,300,141,171,191,178
531-07,400,300,146,157,161,165
531-08,400,300,75,274,141,300
531-09,400,300,144,262,284,299
532-01,517,300,201,196,336,300
532-02,517,300,228,150,306,176
533-01,451,300,272,104,330,129
533-02,451,300,172,121,232,137
533-03,451,300,1,171,413,300
534-01,400,300,148,166,184,176
534-02,400,300,1,239,53,256
534-03,400,300,175,245,336,290
534-04,400,300,253,166,400,180
534-05,400,300,184,128,279,143
535-01,449,300,181,160,353,227
535-02,449,300,153,118,282,159
535-03,449,300,119,72,171,97
535-04,449,300,121,48,163,59
535-05,449,300,126,37,160,46
536-01,533,300,1,50,531,300
537-01,400,300,90,16,329,300
538-01,450,300,125,95,418,275
539-01,450,300,1,116,109,193
539-02,450,300,1,50,40,89
539-03,450,300,181,126,297,147
539-04,450,300,229,149,402,195
54-01,720,720,245,296,498,506
540-01,450,300,181,75,227,96
540-02,450,300,175,147,352,299
541-01,450,300,168,140,376,300
542-01,404,300,90,1,209,57
542-02,404,300,1,53,402,275
543-01,360,300,125,85,264,133
543-02,360,300,87,85,160,255
544-01,400,300,105,164,342,257
544-02,400,300,220,153,297,177
545-01,677,300,236,103,527,197
545-02,677,300,1,133,134,194
546-01,464,300,210,194,367,251
547-01,300,400,124,153,194,191
547-02,300,400,133,109,246,142
547-03,300,400,35,207,204,339
548-01,451,300,124,119,303,205
548-02,451,300,325,87,353,102
549-01,400,300,205,149,368,215
549-02,400,300,310,103,377,136
55-01,720,720,96,452,172,503
55-02,720,720,150,395,247,448
55-03,720,720,290,306,473,419
55-04,720,720,404,169,477,222
55-05,720,720,0,27,201,141
550-01,400,300,110,128,222,182
550-02,400,300,41,135,110,190
550-03,400,300,17,210,70,246
550-04,400,300,289,75,368,110
550-05,400,300,260,119,346,164
550-06,400,300,269,170,362,222
550-07,400,300,267,286,319,300
551-01,527,300,314,157,361,176
551-02,527,300,436,195,526,221
551-03,527,300,398,160,434,182
551-04,527,300,368,127,390,140
551-05,527,300,291,107,328,120
551-06,527,300,328,202,372,223
551-07,527,300,341,114,368,121
552-01,400,300,88,99,245,191
552-02,400,300,1,211,123,275
552-03,400,300,282,137,382,174
552-04,400,300,283,171,383,211
552-05,400,300,275,206,362,282
552-06,400,300,226,96,331,133
552-07,400,300,236,75,298,92
552-08,400,300,118,40,187,61
552-09,400,300,196,48,266,71
552-010,400,300,269,35,324,62
552-011,400,300,243,22,285,37
552-012,400,300,197,16,244,28
552-013,400,300,153,23,200,36
552-014,400,300,88,30,122,40
552-015,400,300,105,17,130,23
552-016,400,300,114,5,137,11
552-017,400,300,141,9,165,17
553-01,455,300,220,93,252,103
553-02,455,300,65,130,253,231
554-01,532,300,182,163,269,191
554-02,532,300,108,150,183,170
554-03,532,300,43,126,131,147
554-04,532,300,15,212,204,253
554-05,532,300,150,254,257,297
554-06,532,300,324,232,409,252
554-07,532,300,132,129,231,145
555-01,400,300,135,135,312,200
556-01,400,300,105,106,138,124
556-02,400,300,151,151,288,194
556-03,400,300,97,77,128,82
557-01,400,300,147,142,246,186
558-01,400,300,92,147,263,193
558-02,400,300,178,132,229,150
558-03,400,300,270,145,293,157
559-01,533,300,268,42,469,197
559-02,533,300,1,258,47,300
56-01,720,720,268,275,457,376
56-02,720,720,411,73,451,90
560-01,450,300,116,140,138,151
560-02,450,300,262,126,292,137
560-03,450,300,246,106,259,112
560-04,450,300,182,97,210,105
561-01,400,300,176,38,212,52
561-02,400,300,190,5,247,25
561-03,400,300,279,1,400,161
561-04,400,300,20,87,298,191
561-05,400,300,61,201,179,300
561-06,400,300,2,231,44,255
561-07,400,300,163,57,191,76
561-08,400,300,124,70,160,87
561-09,400,300,339,163,400,193
562-01,400,300,164,110,197,128
562-02,400,300,185,259,228,300
563-01,533,300,204,212,260,252
563-02,533,300,312,38,385,71
564-01,400,300,163,205,245,243
564-02,400,300,4,174,109,212
564-03,400,300,202,158,304,180
564-04,400,300,314,189,360,206
564-05,400,300,137,124,190,136
565-01,406,300,1,84,388,256
566-01,438,300,234,52,268,64
566-02,438,300,218,32,247,44
566-03,438,300,240,120,278,147
566-04,438,300,296,104,344,131
566-05,438,300,343,208,381,237
566-06,438,300,188,172,232,197
566-07,438,300,135,95,153,106
566-08,438,300,122,85,139,97
566-09,438,300,89,118,126,140
566-010,438,300,82,154,124,188
567-01,450,300,72,47,403,269
568-01,400,300,113,102,268,168
568-02,400,300,90,81,135,101
569-01,400,300,158,124,242,146
569-02,400,300,151,156,278,190
57-01,720,720,274,296,437,391
570-01,533,300,285,126,365,172
570-02,533,300,232,188,322,216
570-03,533,300,158,264,215,300
570-04,533,300,416,214,472,240
570-05,533,300,349,39,396,74
571-01,533,300,172,152,209,165
571-02,533,300,25,220,107,273
571-03,533,300,87,252,131,283
571-04,533,300,152,206,201,233
571-05,533,300,204,212,254,237
571-06,533,300,282,221,323,240
571-07,533,300,236,249,284,279
571-08,533,300,159,253,211,286
571-09,533,300,181,285,249,300
571-010,533,300,305,273,373,298
571-011,533,300,234,166,257,178
571-012,533,300,216,161,235,167
571-013,533,300,241,137,323,177
571-014,533,300,326,178,499,248
571-015,533,300,464,246,533,300
572-01,533,300,193,153,291,175
572-02,533,300,287,154,315,169
572-03,533,300,28,125,62,135
573-01,544,300,75,122,452,204
574-01,498,300,261,194,469,230
574-02,498,300,87,158,237,185
574-03,498,300,50,135,147,155
574-04,498,300,178,122,266,136
574-05,498,300,39,107,89,117
574-06,498,300,1,100,23,109
574-07,498,300,240,71,290,79
574-08,498,300,275,52,343,58
574-09,498,300,303,138,351,155
575-01,409,300,47,87,171,145
575-02,409,300,207,60,353,78
575-03,409,300,234,48,336,57
575-04,409,300,189,106,313,134
575-05,409,300,117,163,388,267
576-01,400,300,4,141,394,264
576-02,400,300,198,111,283,135
577-01,480,300,37,154,235,234
577-02,480,300,104,120,141,132
577-03,480,300,35,241,96,300
577-04,480,300,274,194,342,237
577-05,480,300,313,242,354,283
577-06,480,300,361,227,419,270
577-07,480,300,359,182,437,218
577-08,480,300,366,146,479,189
577-09,480,300,322,126,363,150
577-010,480,300,339,110,402,131
577-011,480,300,254,141,324,185
577-012,480,300,214,117,248,138
577-013,480,300,432,219,480,259
577-014,480,300,222,204,253,237
578-01,449,300,102,61,378,260
579-01,400,300,1,156,400,284
58-01,720,720,249,297,402,416
58-02,720,720,96,132,220,191
58-03,720,720,482,6,536,45
580-01,535,300,146,196,202,222
580-02,535,300,157,168,185,181
580-03,535,300,231,243,289,269
581-01,447,300,66,143,111,160
581-02,447,300,79,167,143,204
581-03,447,300,303,167,402,201
581-04,447,300,365,227,391,237
581-05,447,300,355,246,401,280
581-06,447,300,293,214,350,243
582-01,481,300,29,24,422,276
583-01,533,300,338,94,496,154
584-01,459,300,94,77,389,275
584-02,459,300,367,7,448,62
585-01,450,300,122,91,296,136
585-02,450,300,44,96,103,113
585-03,450,300,80,23,218,75
585-04,450,300,188,8,263,21
585-05,450,300,1,198,383,300
586-01,400,300,1,28,396,252
587-01,503,300,78,184,240,254
587-02,503,300,315,182,360,200
588-01,491,300,241,143,428,245
589-01,450,300,141,233,203,262
589-02,450,300,201,219,238,236
589-03,450,300,87,172,147,196
589-04,450,300,181,171,212,185
589-05,450,300,236,175,272,185
589-06,450,300,301,173,323,183
589-07,450,300,231,169,284,177
589-08,450,300,175,142,213,156
589-09,450,300,78,141,94,148
589-010,450,300,123,145,152,157
589-011,450,300,154,130,168,137
589-012,450,300,320,216,408,246
59-01,720,720,218,237,522,411
59-02,720,720,249,456,426,567
590-01,534,300,92,131,475,300
591-01,540,300,129,99,368,165
591-02,540,300,83,181,446,294
592-01,336,300,90,154,184,200
592-02,336,300,154,30,171,38
592-03,336,300,123,29,142,34
593-01,521,300,172,184,356,255
593-02,521,300,293,153,486,189
593-03,521,300,369,124,521,161
594-01,457,300,22,59,87,83
594-02,457,300,120,8,179,34
594-03,457,300,332,4,379,23
594-04,457,300,58,99,146,142
594-05,457,300,126,80,168,100
594-06,457,300,195,120,389,172
595-01,300,300,162,155,241,214
595-02,300,300,33,215,164,298
595-03,300,300,192,264,291,300
595-04,300,300,253,204,300,245
595-05,300,300,45,113,162,162
595-06,300,300,184,106,230,126
595-07,300,300,243,117,285,147
595-08,300,300,285,146,300,164
595-09,300,300,166,48,212,64
595-010,300,300,117,75,174,94
595-011,300,300,109,61,134,72
595-012,300,300,37,59,95,80
595-013,300,300,194,33,224,44
595-014,300,300,157,27,197,39
595-015,300,300,66,38,140,58
595-016,300,300,199,11,253,32
595-017,300,300,151,96,192,112
595-018,300,300,198,80,217,91
595-019,300,300,1,198,26,230
596-01,450,300,1,62,450,280
597-01,450,300,163,192,280,244
597-02,450,300,208,283,252,300
598-01,533,300,22,130,73,151
598-02,533,300,220,162,300,195
598-03,533,300,275,64,313,77
598-04,533,300,214,51,286,68
598-05,533,300,471,191,529,300
599-01,533,300,2,127,61,148
599-02,533,300,183,126,210,139
599-03,533,300,285,66,330,84
599-04,533,300,333,89,381,99
599-05,533,300,321,107,349,116
599-06,533,300,269,87,296,97
599-07,533,300,242,162,288,182
599-08,533,300,175,182,260,215
599-09,533,300,321,155,345,165
599-010,533,300,309,186,416,213
599-011,533,300,327,228,421,284
599-012,533,300,368,148,433,178
6-01,720,720,276,215,443,357
6-02,720,720,264,322,502,608
60-01,720,720,308,282,443,404
60-02,720,720,364,426,432,471
600-01,450,300,166,159,328,225
600-02,450,300,235,123,348,163
600-03,450,300,335,86,386,110
600-04,450,300,344,61,388,75
600-05,450,300,352,51,388,61
601-01,450,300,118,163,275,206
601-02,450,300,114,76,425,124
602-01,529,300,122,112,350,244
603-01,300,533,1,129,300,364
604-01,445,300,273,160,375,208
604-02,445,300,255,128,360,159
604-03,445,300,166,113,205,128
604-04,445,300,1,137,153,177
604-05,445,300,71,106,136,117
604-06,445,300,1,112,45,121
604-07,445,300,1,101,44,111
604-08,445,300,67,94,106,101
604-09,445,300,1,211,314,300
605-01,421,300,70,76,382,265
606-01,600,300,191,49,411,300
607-01,485,300,52,100,417,266
608-01,300,357,16,176,257,357
609-01,400,300,34,152,112,178
609-02,400,300,86,141,321,289
609-03,400,300,271,63,315,74
609-04,400,300,254,74,394,114
609-05,400,300,391,120,400,140
61-01,720,720,277,265,401,341
610-01,300,400,102,212,237,282
610-02,300,400,125,147,195,172
610-03,300,400,61,157,106,175
610-04,300,400,1,211,69,238
611-01,437,300,47,99,396,193
612-01,400,300,19,117,305,254
612-02,400,300,226,59,272,74
612-03,400,300,221,96,262,111
612-04,400,300,314,89,360,103
613-01,506,300,106,99,397,214
613-02,506,300,228,215,290,266
613-03,506,300,19,48,117,76
614-01,474,300,168,93,339,295
614-02,474,300,221,38,271,60
615-01,486,300,24,73,358,198
616-01,451,300,148,161,169,172
616-02,451,300,93,155,340,240
616-03,451,300,304,121,366,142
616-04,451,300,262,111,285,119
616-05,451,300,420,193,451,216
617-01,450,300,210,207,272,223
617-02,450,300,249,207,285,243
617-03,450,300,84,245,287,297
617-04,450,300,174,186,209,198
617-05,450,300,166,169,214,176
618-01,533,300,116,137,185,202
618-02,533,300,213,224,328,300
618-03,533,300,310,180,345,219
618-04,533,300,248,69,300,93
618-05,533,300,244,100,323,185
618-06,533,300,300,52,335,102
618-07,533,300,270,47,298,57
619-01,472,300,159,107,348,189
62-01,720,720,251,217,382,327
62-02,720,720,211,341,373,506
620-01,571,300,53,210,409,271
620-02,571,300,494,224,534,238
621-01,303,300,198,146,240,183
621-02,303,300,7,44,114,117
621-03,303,300,1,25,49,40
621-04,303,300,147,45,214,69
621-05,303,300,224,65,287,87
621-06,303,300,3,158,45,221
622-01,655,300,96,81,316,198
622-02,655,300,317,147,554,300
622-03,655,300,483,120,523,151
622-04,655,300,448,72,502,103
622-05,655,300,403,84,463,128
622-06,655,300,355,21,401,55
622-07,655,300,276,6,338,21
622-08,655,300,195,16,229,35
623-01,534,300,94,51,414,267
624-01,427,300,71,166,159,201
624-02,427,300,178,195,247,230
624-03,427,300,126,239,185,286
624-04,427,300,291,282,339,300
624-05,427,300,60,143,94,160
624-06,427,300,20,136,57,151
624-07,427,300,128,127,184,143
624-08,427,300,92,129,125,140
624-09,427,300,93,117,112,126
624-010,427,300,305,147,343,157
624-011,427,300,398,149,427,171
625-01,533,300,62,124,456,198
625-02,533,300,80,197,228,276
625-03,533,300,247,197,475,283
626-01,450,300,114,101,310,157
626-02,450,300,414,76,450,90
627-01,600,300,85,198,214,252
627-02,600,300,383,231,482,262
628-01,447,300,114,59,330,220
629-01,400,300,93,56,279,204
63-01,720,720,270,259,471,390
630-01,450,300,32,164,306,283
630-02,450,300,257,123,359,157
631-01,452,300,351,26,452,86
631-02,452,300,84,82,177,111
631-03,452,300,2,92,452,297
632-01,450,300,41,227,132,256
633-01,399,300,57,74,367,184
634-01,450,300,212,76,250,100
634-02,450,300,254,57,276,73
634-03,450,300,244,112,277,142
634-04,450,300,191,161,236,177
634-05,450,300,208,151,240,160
634-06,450,300,320,170,345,204
634-07,450,300,330,213,369,258
634-08,450,300,305,116,325,137
634-09,450,300,287,75,313,99
634-010,450,300,205,110,223,119
634-011,450,300,201,122,219,128
634-012,450,300,215,101,228,108
634-013,450,300,229,47,245,54
635-01,300,300,1,85,300,240
636-01,450,300,132,158,288,188
636-02,450,300,201,128,290,144
636-03,450,300,243,110,272,119
636-04,450,300,322,108,381,129
636-05,450,300,379,147,450,184
636-06,450,300,1,226,149,282
636-07,450,300,302,75,317,85
637-01,464,300,143,57,191,68
637-02,464,300,100,232,157,255
638-01,533,300,22,27,489,272
639-01,534,300,92,28,383,103
64-01,720,720,209,333,456,476
640-01,400,300,66,131,303,242
641-01,464,300,13,87,202,173
642-01,300,400,86,135,173,159
642-02,300,400,77,209,247,301
642-03,300,400,218,330,294,381
643-01,400,300,170,169,315,215
644-01,300,399,101,28,244,64
644-02,300,399,104,83,196,138
644-03,300,399,29,163,248,361
645-01,451,300,171,227,384,289
646-01,534,300,143,174,397,244
647-01,533,300,189,83,386,265
648-01,720,266,262,231,419,262
648-02,720,266,144,213,240,237
648-03,720,266,228,200,384,215
648-04,720,266,347,180,428,193
648-05,720,266,244,153,307,162
648-06,720,266,1,194,88,248
648-07,720,266,159,128,217,141
648-08,720,266,326,124,378,134
648-09,720,266,512,197,557,209
648-010,720,266,501,172,546,182
648-011,720,266,459,158,515,170
648-012,720,266,560,232,720,266
649-01,532,300,120,71,358,175
649-02,532,300,355,205,520,300
65-01,720,720,233,357,492,504
650-01,435,300,206,193,269,218
650-02,435,300,139,212,214,258
651-01,400,300,128,118,306,214
652-01,450,300,133,195,423,297
652-02,450,300,1,150,194,229
652-03,450,300,1,107,111,142
653-01,450,300,1,57,87,126
653-02,450,300,60,1,124,14
653-03,450,300,52,80,379,259
654-01,450,300,238,179,381,221
654-02,450,300,270,169,290,177
654-03,450,300,43,43,80,52
655-01,534,300,1,187,188,276
655-02,534,300,102,84,283,151
655-03,534,300,1,55,144,133
655-04,534,300,167,44,246,68
655-05,534,300,316,27,534,90
655-06,534,300,296,87,463,139
655-07,534,300,366,170,534,275
655-08,534,300,1,25,118,53
656-01,300,440,76,199,234,295
656-02,300,440,145,52,171,58
657-01,400,300,7,76,383,232
658-01,300,400,224,175,283,226
658-02,300,400,88,168,130,188
658-03,300,400,66,240,229,314
658-04,300,400,136,63,182,82
659-01,533,300,93,173,462,243
66-01,720,720,244,198,485,467
66-02,720,720,414,212,504,306
66-03,720,720,374,27,435,66
66-04,720,720,59,30,122,52
66-05,720,720,137,47,207,119
66-06,720,720,287,160,320,185
660-01,450,300,212,226,288,274
661-01,533,300,113,125,531,300
662-01,452,300,169,205,239,233
662-02,452,300,216,241,260,267
662-03,452,300,293,244,337,277
662-04,452,300,260,166,306,183
662-05,452,300,157,144,180,153
663-01,335,300,28,113,139,150
663-02,335,300,61,151,126,181
663-03,335,300,135,172,196,210
663-04,335,300,51,228,159,276
663-05,335,300,224,127,250,144
663-06,335,300,267,74,320,98
663-07,335,300,117,53,145,62
663-08,335,300,231,19,253,29
663-09,335,300,251,48,275,55
663-010,335,300,259,56,284,61
664-01,400,300,1,57,377,227
665-01,452,300,114,129,284,197
67-01,720,720,160,282,379,449
67-02,720,720,445,169,622,320
67-03,720,720,552,0,705,47
68-01,720,720,331,255,564,404
68-02,720,720,206,156,379,191
69-01,720,720,330,332,441,437
69-02,720,720,154,35,271,105
7-01,720,720,140,198,512,373
70-01,720,720,255,250,456,356
70-02,720,720,456,287,545,350
71-01,720,720,290,327,435,443
71-02,720,720,638,541,720,590
72-01,720,720,260,287,493,433
73-01,720,720,236,325,474,516
73-02,720,720,249,82,404,137
74-01,720,720,311,322,415,378
75-01,720,720,285,291,418,398
76-01,720,720,194,211,377,359
76-02,720,720,319,323,461,486
77-01,720,720,257,359,407,471
77-02,720,720,162,256,353,413
77-03,720,720,253,15,329,49
77-04,720,720,470,351,720,720
78-01,720,720,284,272,485,443
78-02,720,720,146,171,202,251
79-01,720,720,106,236,609,449
8-01,720,720,196,311,387,449
8-02,720,720,383,273,498,391
80-01,720,720,216,226,449,421
81-01,720,720,235,327,526,464
81-02,720,720,237,243,378,325
82-01,720,720,221,182,470,395
82-02,720,720,453,85,514,121
83-01,720,720,276,263,468,474
84-01,720,720,209,235,351,340
84-02,720,720,269,344,385,438
84-03,720,720,74,603,223,716
85-01,720,720,231,289,383,381
85-02,720,720,441,292,510,357
86-01,720,720,230,282,395,395
86-02,720,720,357,378,514,464
87-01,720,720,235,265,440,530
88-01,720,720,263,314,391,486
89-01,720,720,228,249,438,387
89-02,720,720,573,466,648,550
9-01,720,720,264,289,480,416
9-02,720,720,388,37,498,84
90-01,720,720,264,337,476,491
91-01,720,720,296,315,386,421
92-01,720,720,171,279,524,493
93-01,720,720,2,37,139,114
93-02,720,720,0,141,141,261
93-03,720,720,158,284,483,464
94-01,720,720,180,305,509,426
95-01,720,720,288,233,440,366
95-02,720,720,110,180,259,345
96-01,720,720,257,306,382,409
97-01,720,720,245,263,477,348
97-02,720,720,188,166,312,184
97-03,720,720,151,87,237,127
98-01,720,720,505,44,585,101
98-02,720,720,234,243,492,426
98-03,720,720,547,272,720,394
98-04,720,720,653,345,720,420
99-01,720,720,228,269,478,474
